{"stats":{"minecraft:picked_up":{"minecraft:stick":15,"minecraft:spruce_sapling":8,"minecraft:spruce_log":57,"minecraft:lily_of_the_valley":1,"minecraft:coal":10,"minecraft:cobblestone":10},"minecraft:crafted":{"minecraft:torch":4,"minecraft:crafting_table":3,"minecraft:spruce_planks":144,"minecraft:stick":4,"minecraft:wooden_pickaxe":1,"minecraft:stone_pickaxe":1,"minecraft:wooden_axe":1},"minecraft:mined":{"minecraft:large_fern":1,"minecraft:coal_ore":10,"minecraft:lily_of_the_valley":1,"biomesoplenty:sprout":3,"minecraft:stone":11,"minecraft:spruce_leaves":5,"minecraft:spruce_log":59,"minecraft:oak_leaves":4,"minecraft:fern":1},"minecraft:used":{"minecraft:wooden_axe":70,"minecraft:crafting_table":3,"minecraft:stone_pickaxe":17,"minecraft:spruce_planks":17,"minecraft:wooden_pickaxe":7},"minecraft:custom":{"minecraft:time_since_rest":1128,"minecraft:deaths":1,"minecraft:crouch_one_cm":1754,"minecraft:play_time":10122,"minecraft:sprint_one_cm":25331,"minecraft:damage_taken":250,"minecraft:walk_one_cm":19704,"minecraft:sneak_time":863,"minecraft:walk_under_water_one_cm":1530,"minecraft:drop":1,"minecraft:jump":292,"minecraft:damage_dealt":30,"minecraft:walk_on_water_one_cm":7522,"minecraft:time_since_death":1102,"minecraft:total_world_time":10122,"minecraft:swim_one_cm":16032,"minecraft:fly_one_cm":28135,"minecraft:interact_with_crafting_table":6,"minecraft:fall_one_cm":11594},"minecraft:dropped":{"minecraft:wooden_pickaxe":1}},"DataVersion":2975}