{"stats":{"minecraft:killed":{"minecraft:salmon":5},"minecraft:picked_up":{"minecraft:stick":7,"minecraft:crafting_table":4,"minecraft:salmon":4,"minecraft:oak_log":5,"minecraft:spruce_sapling":9,"minecraft:spruce_log":21,"minecraft:wooden_hoe":1,"minecraft:rotten_flesh":2,"minecraft:apple":1,"minecraft:oak_sapling":3,"minecraft:cobblestone":32},"minecraft:mined":{"minecraft:spruce_log":21,"minecraft:crafting_table":4,"minecraft:oak_log":5,"minecraft:spruce_leaves":1,"minecraft:stone":32},"minecraft:crafted":{"minecraft:oak_planks":20,"minecraft:crafting_table":1,"minecraft:spruce_planks":84,"minecraft:stick":8,"minecraft:wooden_pickaxe":1,"minecraft:stone_pickaxe":1,"minecraft:wooden_axe":1,"minecraft:stone_sword":1,"minecraft:furnace":1,"minecraft:stone_axe":1},"minecraft:used":{"minecraft:wooden_axe":17,"minecraft:stone_sword":5,"minecraft:apple":1,"minecraft:stone_pickaxe":25,"minecraft:wooden_pickaxe":8,"minecraft:spruce_sapling":9,"minecraft:rotten_flesh":2,"minecraft:stone_axe":12,"minecraft:salmon":4,"minecraft:crafting_table":4,"minecraft:oak_sapling":3},"minecraft:custom":{"minecraft:time_since_rest":10137,"minecraft:sprint_one_cm":31698,"minecraft:damage_taken":170,"minecraft:walk_one_cm":18988,"minecraft:mob_kills":5,"minecraft:damage_dealt":190,"minecraft:swim_one_cm":9277,"minecraft:interact_with_crafting_table":5,"minecraft:fly_one_cm":24441,"minecraft:crouch_one_cm":456,"minecraft:play_time":10137,"minecraft:sneak_time":143,"minecraft:walk_under_water_one_cm":3216,"minecraft:jump":146,"minecraft:leave_game":1,"minecraft:time_since_death":10137,"minecraft:walk_on_water_one_cm":2821,"minecraft:total_world_time":10137,"minecraft:fall_one_cm":3401}},"DataVersion":2975}