{"stats":{"minecraft:picked_up":{"minecraft:stick":3,"minecraft:crafting_table":2,"minecraft:rotten_flesh":2,"minecraft:apple":1,"minecraft:oak_log":5,"minecraft:spruce_sapling":6,"minecraft:spruce_log":12,"minecraft:oak_sapling":3,"minecraft:wooden_hoe":1,"minecraft:cobblestone":7},"minecraft:crafted":{"minecraft:oak_planks":20,"minecraft:crafting_table":1,"minecraft:spruce_planks":48,"minecraft:stick":8,"minecraft:wooden_pickaxe":1,"minecraft:stone_pickaxe":1,"minecraft:wooden_axe":1},"minecraft:mined":{"minecraft:oak_log":5,"minecraft:stone":7,"minecraft:spruce_leaves":1,"minecraft:spruce_log":12,"minecraft:crafting_table":2},"minecraft:used":{"minecraft:rotten_flesh":2,"minecraft:wooden_axe":17,"minecraft:apple":1,"minecraft:crafting_table":3,"minecraft:oak_sapling":3,"minecraft:wooden_pickaxe":8,"minecraft:spruce_sapling":6},"minecraft:custom":{"minecraft:time_since_rest":5758,"minecraft:crouch_one_cm":456,"minecraft:play_time":5758,"minecraft:sprint_one_cm":16522,"minecraft:damage_taken":140,"minecraft:walk_one_cm":12661,"minecraft:sneak_time":130,"minecraft:jump":67,"minecraft:damage_dealt":40,"minecraft:walk_on_water_one_cm":387,"minecraft:time_since_death":5758,"minecraft:total_world_time":5758,"minecraft:fall_one_cm":1297,"minecraft:interact_with_crafting_table":3,"minecraft:fly_one_cm":12778}},"DataVersion":2975}