{"stats":{"minecraft:killed":{"minecraft:creeper":1,"minecraft:skeleton":1,"minecraft:zombie":7},"minecraft:picked_up":{"minecraft:crafting_table":4,"minecraft:smoker":2,"minecraft:oak_log":24,"minecraft:magenta_bed":1,"minecraft:gunpowder":1,"gobber2:gobber2_foo_nether":1,"minecraft:dirt":7,"minecraft:bone":2,"minecraft:apple":2,"gobber2:gobber2_gooey_beefstew_nether":1,"minecraft:oak_planks":62,"gobber2:gobber2_gooey_bread":4,"minecraft:furnace":4,"minecraft:raw_iron":35,"minecraft:stick":15,"minecraft:sweet_berries":25,"minecraft:torch":7,"minecraft:spruce_sapling":6,"minecraft:blast_furnace":1,"minecraft:spruce_log":15,"gobber2:gobber2_foo":2,"minecraft:rotten_flesh":6,"gobber2:gobber2_gooey_beef_nether":1,"minecraft:emerald":2,"minecraft:oak_sapling":3,"gobber2:gobber2_goo":1,"minecraft:coal":260,"gobber2:gobber2_goo_nether":1,"minecraft:cobblestone":73},"minecraft:mined":{"minecraft:smoker":2,"minecraft:crafting_table":4,"minecraft:torch":2,"minecraft:blast_furnace":1,"minecraft:emerald_ore":2,"minecraft:grass_block":3,"gobber2:gobber2_lucky_block":10,"minecraft:cobblestone":2,"minecraft:spruce_leaves":1,"minecraft:wall_torch":5,"minecraft:furnace":4,"minecraft:iron_ore":30,"minecraft:sweet_berry_bush":1,"minecraft:magenta_bed":1,"minecraft:spruce_log":17,"minecraft:oak_log":29,"minecraft:coal_ore":72,"minecraft:dirt":2,"minecraft:stone":72,"minecraft:oak_leaves":2},"minecraft:crafted":{"minecraft:smooth_stone":3,"minecraft:oak_planks":96,"minecraft:crafting_table":2,"minecraft:spruce_planks":60,"minecraft:wooden_pickaxe":1,"minecraft:furnace":2,"minecraft:blast_furnace":1,"minecraft:stone":4,"minecraft:stone_axe":1,"minecraft:air":0,"minecraft:iron_chestplate":1,"minecraft:wooden_hoe":1,"minecraft:stick":12,"minecraft:iron_ingot":19,"minecraft:iron_pickaxe":1,"minecraft:stone_pickaxe":1,"minecraft:stone_sword":1,"minecraft:torch":4},"minecraft:used":{"minecraft:stone_sword":55,"gobber2:gobber2_goo":1,"minecraft:stone_pickaxe":37,"minecraft:oak_planks":1,"gobber2:gobber2_gooey_bread":4,"minecraft:wooden_pickaxe":6,"minecraft:stone":1,"minecraft:rotten_flesh":5,"minecraft:torch":9,"gobber2:gobber2_goo_nether":1,"minecraft:dirt":6,"minecraft:crafting_table":6,"minecraft:blast_furnace":2,"minecraft:smoker":1,"minecraft:apple":2,"minecraft:iron_pickaxe":154,"gobber2:gobber2_gooey_beefstew_nether":1,"minecraft:stone_axe":52,"minecraft:cobblestone":24,"minecraft:sweet_berries":29,"minecraft:furnace":5,"gobber2:gobber2_gooey_beef_nether":1},"minecraft:custom":{"minecraft:interact_with_furnace":33,"minecraft:mob_kills":10,"minecraft:interact_with_crafting_table":21,"minecraft:open_barrel":3,"minecraft:time_since_death":29691,"minecraft:time_since_rest":29691,"minecraft:sprint_one_cm":113674,"minecraft:damage_taken":886,"minecraft:walk_one_cm":36636,"minecraft:drop":10,"minecraft:damage_dealt":2259,"minecraft:swim_one_cm":4078,"minecraft:fly_one_cm":114269,"minecraft:open_chest":6,"minecraft:crouch_one_cm":17651,"minecraft:play_time":29691,"minecraft:sneak_time":5548,"minecraft:walk_under_water_one_cm":746,"minecraft:jump":705,"minecraft:interact_with_blast_furnace":4,"minecraft:walk_on_water_one_cm":5617,"minecraft:interact_with_smoker":2,"minecraft:total_world_time":29691,"minecraft:fall_one_cm":22751},"minecraft:dropped":{"gobber2:gobber2_foo":2,"minecraft:rotten_flesh":1,"gobber2:gobber2_foo_nether":1,"minecraft:dirt":1,"minecraft:gunpowder":1,"minecraft:wooden_hoe":1,"minecraft:oak_sapling":3,"minecraft:wooden_pickaxe":1}},"DataVersion":2975}