{"stats":{"minecraft:killed":{"minecraft:skeleton":1,"minecraft:creeper":1},"minecraft:picked_up":{"minecraft:crafting_table":4,"minecraft:stick":15,"minecraft:raw_iron":5,"minecraft:sweet_berries":25,"minecraft:torch":1,"minecraft:oak_log":24,"minecraft:spruce_sapling":6,"minecraft:gunpowder":1,"minecraft:spruce_log":15,"minecraft:dirt":7,"minecraft:bone":2,"minecraft:apple":2,"minecraft:emerald":2,"minecraft:oak_sapling":3,"minecraft:oak_planks":62,"minecraft:coal":69,"gobber2:gobber2_goo_nether":1,"gobber2:gobber2_gooey_bread":4,"minecraft:cobblestone":65,"minecraft:furnace":2},"minecraft:mined":{"minecraft:furnace":2,"minecraft:sweet_berry_bush":1,"minecraft:iron_ore":5,"minecraft:spruce_log":17,"minecraft:crafting_table":4,"minecraft:emerald_ore":2,"minecraft:coal_ore":67,"minecraft:grass_block":3,"minecraft:oak_log":29,"gobber2:gobber2_lucky_block":4,"minecraft:dirt":2,"minecraft:cobblestone":2,"minecraft:spruce_leaves":1,"minecraft:stone":64,"minecraft:wall_torch":1,"minecraft:oak_leaves":2},"minecraft:crafted":{"minecraft:oak_planks":96,"minecraft:wooden_hoe":1,"minecraft:crafting_table":2,"minecraft:spruce_planks":60,"minecraft:stick":12,"minecraft:iron_pickaxe":1,"minecraft:iron_ingot":3,"minecraft:wooden_pickaxe":1,"minecraft:stone_pickaxe":1,"minecraft:stone_sword":1,"minecraft:furnace":2,"minecraft:stone":4,"minecraft:torch":4,"minecraft:stone_axe":1,"minecraft:air":0},"minecraft:used":{"minecraft:stone_sword":14,"minecraft:apple":2,"minecraft:stone_pickaxe":37,"minecraft:oak_planks":1,"minecraft:iron_pickaxe":104,"gobber2:gobber2_gooey_bread":3,"minecraft:wooden_pickaxe":6,"minecraft:stone":1,"minecraft:torch":2,"minecraft:stone_axe":52,"gobber2:gobber2_goo_nether":1,"minecraft:dirt":6,"minecraft:cobblestone":19,"minecraft:sweet_berries":19,"minecraft:crafting_table":5,"minecraft:furnace":3},"minecraft:custom":{"minecraft:time_since_rest":17691,"minecraft:interact_with_furnace":12,"minecraft:sprint_one_cm":72669,"minecraft:damage_taken":378,"minecraft:walk_one_cm":19332,"minecraft:mob_kills":3,"minecraft:drop":7,"minecraft:damage_dealt":598,"minecraft:swim_one_cm":3913,"minecraft:interact_with_crafting_table":8,"minecraft:fly_one_cm":59977,"minecraft:crouch_one_cm":13564,"minecraft:play_time":17691,"minecraft:sneak_time":4350,"minecraft:walk_under_water_one_cm":634,"minecraft:jump":432,"minecraft:time_since_death":17691,"minecraft:walk_on_water_one_cm":2018,"minecraft:total_world_time":17691,"minecraft:fall_one_cm":12917},"minecraft:dropped":{"minecraft:dirt":1,"minecraft:gunpowder":1,"minecraft:wooden_hoe":1,"minecraft:oak_sapling":3,"minecraft:wooden_pickaxe":1}},"DataVersion":2975}