{"stats":{"minecraft:picked_up":{"minecraft:crafting_table":3,"minecraft:stick":15,"minecraft:raw_iron":3,"minecraft:oak_log":24,"minecraft:dirt":2,"minecraft:apple":2,"minecraft:oak_sapling":3,"minecraft:oak_planks":62,"minecraft:coal":19,"minecraft:cobblestone":29,"minecraft:furnace":1},"minecraft:mined":{"minecraft:furnace":1,"minecraft:iron_ore":3,"minecraft:crafting_table":3,"minecraft:coal_ore":19,"minecraft:grass_block":1,"minecraft:oak_log":29,"minecraft:stone":30,"minecraft:oak_leaves":2},"minecraft:crafted":{"minecraft:oak_planks":96,"minecraft:wooden_hoe":1,"minecraft:crafting_table":1,"minecraft:stick":12,"minecraft:iron_pickaxe":1,"minecraft:iron_ingot":3,"minecraft:wooden_pickaxe":1,"minecraft:stone_pickaxe":1,"minecraft:stone_sword":1,"minecraft:furnace":1,"minecraft:torch":4,"minecraft:stone_axe":1,"minecraft:air":0},"minecraft:used":{"minecraft:apple":2,"minecraft:stone_pickaxe":37,"minecraft:oak_planks":1,"minecraft:iron_pickaxe":10,"minecraft:wooden_pickaxe":6,"minecraft:stone_axe":31,"minecraft:dirt":1,"minecraft:crafting_table":3,"minecraft:furnace":1},"minecraft:custom":{"minecraft:time_since_rest":5691,"minecraft:interact_with_furnace":5,"minecraft:sprint_one_cm":15837,"minecraft:damage_taken":23,"minecraft:walk_one_cm":5883,"minecraft:drop":6,"minecraft:damage_dealt":20,"minecraft:interact_with_crafting_table":5,"minecraft:fly_one_cm":11480,"minecraft:crouch_one_cm":4846,"minecraft:play_time":5691,"minecraft:sneak_time":1706,"minecraft:jump":73,"minecraft:time_since_death":5691,"minecraft:walk_on_water_one_cm":829,"minecraft:total_world_time":5691,"minecraft:fall_one_cm":1045},"minecraft:dropped":{"minecraft:dirt":1,"minecraft:wooden_hoe":1,"minecraft:oak_sapling":3,"minecraft:wooden_pickaxe":1}},"DataVersion":2975}