{"stats":{"minecraft:killed":{"minecraft:zombie":1,"minecraft:pig":2,"minecraft:chicken":4,"endofherobrine:zombie_villager":1},"minecraft:picked_up":{"minecraft:wooden_axe":1,"minecraft:raw_iron":30,"minecraft:stick":11,"minecraft:crafting_table":2,"minecraft:feather":6,"minecraft:chicken":4,"minecraft:cooked_porkchop":4,"minecraft:sweet_berries":29,"minecraft:andesite":20,"minecraft:torch":1,"minecraft:porkchop":6,"minecraft:oak_log":28,"minecraft:diorite":6,"minecraft:dirt":6,"minecraft:rotten_flesh":1,"minecraft:oak_sapling":20,"minecraft:coal":17,"minecraft:cobblestone":45,"minecraft:furnace":1},"minecraft:mined":{"minecraft:furnace":1,"minecraft:iron_ore":30,"minecraft:sweet_berry_bush":13,"minecraft:andesite":20,"minecraft:crafting_table":2,"gravestone:gravestone":1,"minecraft:coal_ore":18,"minecraft:grass_block":3,"minecraft:oak_log":28,"minecraft:dirt":2,"minecraft:stone":43,"minecraft:diorite":6,"minecraft:wall_torch":1},"minecraft:crafted":{"minecraft:oak_planks":112,"minecraft:shield":1,"minecraft:crafting_table":2,"minecraft:iron_pickaxe":1,"minecraft:stick":4,"minecraft:iron_ingot":12,"minecraft:cooked_chicken":3,"minecraft:wooden_pickaxe":1,"minecraft:wooden_axe":1,"minecraft:furnace":2,"minecraft:torch":16,"minecraft:air":0},"minecraft:used":{"minecraft:diorite":2,"minecraft:wooden_axe":42,"minecraft:stone_sword":13,"minecraft:stone_pickaxe":81,"minecraft:iron_pickaxe":38,"minecraft:wooden_pickaxe":4,"minecraft:cooked_chicken":3,"minecraft:torch":5,"minecraft:dirt":5,"minecraft:cobblestone":5,"minecraft:sweet_berries":34,"minecraft:crafting_table":5,"minecraft:furnace":3,"minecraft:andesite":7},"minecraft:custom":{"minecraft:time_since_rest":17734,"minecraft:interact_with_furnace":16,"minecraft:sprint_one_cm":44387,"minecraft:damage_taken":463,"minecraft:walk_one_cm":26685,"minecraft:mob_kills":8,"minecraft:drop":8,"minecraft:damage_dealt":1203,"minecraft:interact_with_crafting_table":8,"minecraft:swim_one_cm":22497,"minecraft:fly_one_cm":35929,"minecraft:player_kills":1,"minecraft:crouch_one_cm":4996,"minecraft:play_time":17734,"minecraft:sneak_time":2140,"minecraft:walk_under_water_one_cm":8386,"minecraft:jump":317,"minecraft:walk_on_water_one_cm":5222,"minecraft:time_since_death":17734,"minecraft:total_world_time":17734,"minecraft:fall_one_cm":9272},"minecraft:dropped":{"minecraft:dirt":1,"minecraft:wooden_axe":1,"minecraft:oak_sapling":24,"minecraft:feather":3,"minecraft:rotten_flesh":1,"minecraft:wooden_pickaxe":1}},"DataVersion":2975}