{"stats":{"minecraft:killed":{"minecraft:pig":2,"endofherobrine:zombie":1,"endofherobrine:skeleton":1,"endofherobrine:zombie_villager":1,"minecraft:skeleton":1,"minecraft:zombie":3,"minecraft:chicken":4,"artifacts:mimic":1},"minecraft:picked_up":{"minecraft:wooden_axe":1,"minecraft:crafting_table":3,"minecraft:feather":6,"minecraft:chicken":4,"minecraft:andesite":33,"minecraft:tuff":4,"minecraft:oak_log":28,"minecraft:magenta_bed":2,"minecraft:dirt":6,"minecraft:lapis_lazuli":44,"minecraft:bone":2,"minecraft:cobbled_deepslate":46,"artifacts:kitty_slippers":1,"minecraft:oak_planks":1,"minecraft:furnace":5,"minecraft:stick":11,"minecraft:raw_iron":67,"minecraft:cooked_porkchop":4,"minecraft:sweet_berries":29,"minecraft:torch":2,"minecraft:porkchop":6,"minecraft:diorite":7,"minecraft:arrow":3,"minecraft:rotten_flesh":2,"minecraft:diamond":11,"minecraft:oak_sapling":20,"minecraft:coal":17,"minecraft:cobblestone":59},"minecraft:crafted":{"minecraft:oak_planks":112,"minecraft:cooked_porkchop":1,"minecraft:crafting_table":2,"minecraft:wooden_pickaxe":1,"minecraft:cooked_chicken":4,"minecraft:iron_helmet":1,"minecraft:furnace":2,"minecraft:air":0,"minecraft:iron_boots":1,"minecraft:iron_chestplate":1,"minecraft:shield":1,"minecraft:stick":4,"minecraft:iron_ingot":28,"minecraft:iron_pickaxe":1,"minecraft:wooden_axe":1,"minecraft:iron_leggings":1,"minecraft:torch":16},"minecraft:mined":{"minecraft:tuff":4,"minecraft:deepslate_diamond_ore":11,"minecraft:crafting_table":3,"gravestone:gravestone":1,"minecraft:grass_block":3,"minecraft:lapis_ore":6,"minecraft:oak_planks":1,"minecraft:diorite":7,"minecraft:wall_torch":2,"minecraft:furnace":5,"minecraft:iron_ore":55,"minecraft:sweet_berry_bush":13,"minecraft:magenta_bed":2,"minecraft:andesite":33,"minecraft:oak_log":28,"minecraft:coal_ore":18,"minecraft:deepslate_iron_ore":2,"minecraft:dirt":2,"minecraft:stone":58,"minecraft:deepslate":46},"minecraft:used":{"minecraft:diorite":7,"minecraft:stone_sword":57,"minecraft:stone_pickaxe":81,"minecraft:oak_planks":10,"minecraft:shield":31,"minecraft:wooden_pickaxe":4,"minecraft:cooked_chicken":3,"minecraft:iron_chestplate":1,"minecraft:torch":6,"minecraft:dirt":5,"minecraft:crafting_table":5,"minecraft:magenta_bed":1,"minecraft:wooden_axe":43,"minecraft:iron_pickaxe":166,"minecraft:iron_helmet":1,"minecraft:cobblestone":5,"minecraft:sweet_berries":34,"minecraft:furnace":5,"minecraft:cooked_porkchop":4,"minecraft:andesite":13},"minecraft:custom":{"minecraft:interact_with_furnace":36,"minecraft:mob_kills":15,"minecraft:interact_with_crafting_table":14,"minecraft:open_barrel":2,"minecraft:time_since_death":29734,"minecraft:time_since_rest":29734,"minecraft:sprint_one_cm":62175,"minecraft:damage_taken":865,"minecraft:walk_one_cm":46861,"minecraft:damage_blocked_by_shield":695,"minecraft:drop":9,"minecraft:damage_dealt":3103,"minecraft:swim_one_cm":22497,"minecraft:player_kills":1,"minecraft:fly_one_cm":51545,"minecraft:crouch_one_cm":9691,"minecraft:play_time":29734,"minecraft:sneak_time":5150,"minecraft:walk_under_water_one_cm":8386,"minecraft:jump":476,"minecraft:walk_on_water_one_cm":5222,"minecraft:total_world_time":29734,"minecraft:fall_one_cm":14213},"minecraft:dropped":{"minecraft:feather":3,"minecraft:rotten_flesh":2,"minecraft:dirt":1,"minecraft:wooden_axe":1,"minecraft:oak_sapling":24,"minecraft:wooden_pickaxe":1}},"DataVersion":2975}