{"stats":{"minecraft:killed":{"minecraft:chicken":4},"minecraft:picked_up":{"minecraft:feather":3,"minecraft:stick":11,"minecraft:crafting_table":1,"minecraft:chicken":4,"minecraft:sweet_berries":29,"minecraft:oak_log":28,"minecraft:oak_sapling":20,"minecraft:dirt":4},"minecraft:crafted":{"minecraft:oak_planks":12,"minecraft:crafting_table":1,"minecraft:stick":4,"minecraft:wooden_pickaxe":1,"minecraft:wooden_axe":1},"minecraft:mined":{"gravestone:gravestone":1,"minecraft:grass_block":2,"minecraft:oak_log":28,"minecraft:dirt":2,"minecraft:sweet_berry_bush":12,"minecraft:crafting_table":1},"minecraft:used":{"minecraft:wooden_axe":37,"minecraft:dirt":3,"minecraft:sweet_berries":17,"minecraft:crafting_table":1},"minecraft:custom":{"minecraft:time_since_rest":5734,"minecraft:crouch_one_cm":533,"minecraft:play_time":5734,"minecraft:sprint_one_cm":21696,"minecraft:damage_taken":248,"minecraft:walk_one_cm":6399,"minecraft:sneak_time":344,"minecraft:walk_under_water_one_cm":2639,"minecraft:mob_kills":4,"minecraft:drop":4,"minecraft:jump":166,"minecraft:damage_dealt":346,"minecraft:time_since_death":5734,"minecraft:walk_on_water_one_cm":2797,"minecraft:total_world_time":5734,"minecraft:player_kills":1,"minecraft:swim_one_cm":10023,"minecraft:interact_with_crafting_table":1,"minecraft:fall_one_cm":3710,"minecraft:fly_one_cm":20554},"minecraft:dropped":{"minecraft:wooden_axe":1,"minecraft:oak_sapling":24}},"DataVersion":2975}