{"stats":{"minecraft:picked_up":{"minecraft:stick":3,"minecraft:crafting_table":2,"minecraft:oak_door":1,"minecraft:wooden_pickaxe":1,"minecraft:dripstone_block":3,"minecraft:oak_log":11,"minecraft:pointed_dripstone":1,"minecraft:dirt":1,"minecraft:oak_sapling":5,"minecraft:sugar_cane":3,"minecraft:coal":46,"minecraft:cobblestone":11},"minecraft:mined":{"minecraft:oak_door":1,"minecraft:crafting_table":2,"minecraft:coal_ore":51,"minecraft:pointed_dripstone":1,"minecraft:oak_log":6,"minecraft:dripstone_block":3,"minecraft:dirt":1,"minecraft:stone":10,"minecraft:sugar_cane":1,"minecraft:fern":1},"minecraft:crafted":{"minecraft:oak_door":3,"minecraft:oak_planks":44,"minecraft:crafting_table":2,"minecraft:stick":12,"minecraft:wooden_pickaxe":1,"minecraft:stone_pickaxe":2,"minecraft:stone_sword":1,"minecraft:torch":16},"minecraft:killed_by":{"minecraft:player":1},"minecraft:used":{"minecraft:stone_sword":4,"minecraft:stone_pickaxe":58,"minecraft:wooden_pickaxe":10,"minecraft:oak_door":3,"minecraft:dirt":1,"minecraft:crafting_table":3,"minecraft:dripstone_block":1},"minecraft:custom":{"minecraft:time_since_rest":13498,"minecraft:sprint_one_cm":33123,"minecraft:damage_taken":485,"minecraft:walk_one_cm":24769,"minecraft:mob_kills":1,"minecraft:drop":1,"minecraft:damage_dealt":188,"minecraft:interact_with_crafting_table":6,"minecraft:swim_one_cm":39822,"minecraft:fly_one_cm":31027,"minecraft:crouch_one_cm":1053,"minecraft:play_time":17227,"minecraft:deaths":1,"minecraft:sneak_time":673,"minecraft:walk_under_water_one_cm":17233,"minecraft:jump":256,"minecraft:walk_on_water_one_cm":9025,"minecraft:time_since_death":13467,"minecraft:total_world_time":17227,"minecraft:fall_one_cm":6554},"minecraft:dropped":{"gravestone:obituary":1}},"DataVersion":2975}