{"stats":{"minecraft:picked_up":{"minecraft:crafting_table":2,"minecraft:stick":3,"minecraft:wooden_pickaxe":1,"minecraft:oak_log":9,"minecraft:oak_sapling":4,"minecraft:sugar_cane":3,"minecraft:cobblestone":8},"minecraft:mined":{"minecraft:oak_log":4,"minecraft:stone":7,"minecraft:sugar_cane":1,"minecraft:fern":1,"minecraft:crafting_table":2},"minecraft:crafted":{"minecraft:stone_sword":1,"minecraft:oak_planks":36,"minecraft:crafting_table":2,"minecraft:stick":8,"minecraft:wooden_pickaxe":1,"minecraft:stone_pickaxe":2},"minecraft:killed_by":{"minecraft:player":1},"minecraft:used":{"minecraft:stone_sword":4,"minecraft:crafting_table":2,"minecraft:wooden_pickaxe":8},"minecraft:custom":{"minecraft:time_since_rest":1498,"minecraft:crouch_one_cm":484,"minecraft:play_time":5227,"minecraft:sprint_one_cm":23313,"minecraft:deaths":1,"minecraft:damage_taken":378,"minecraft:walk_one_cm":10569,"minecraft:sneak_time":139,"minecraft:walk_under_water_one_cm":4780,"minecraft:drop":1,"minecraft:jump":98,"minecraft:damage_dealt":148,"minecraft:time_since_death":1467,"minecraft:walk_on_water_one_cm":1739,"minecraft:total_world_time":5227,"minecraft:swim_one_cm":3130,"minecraft:interact_with_crafting_table":5,"minecraft:fall_one_cm":3032,"minecraft:fly_one_cm":14567},"minecraft:dropped":{"gravestone:obituary":1}},"DataVersion":2975}