{"stats":{"minecraft:picked_up":{"biomesoplenty:toadstool":4,"minecraft:raw_iron":2,"minecraft:stick":3,"minecraft:crafting_table":2,"minecraft:oak_door":1,"minecraft:wooden_pickaxe":1,"minecraft:dripstone_block":3,"minecraft:oak_log":11,"minecraft:pointed_dripstone":1,"minecraft:lapis_lazuli":5,"minecraft:dirt":4,"minecraft:oak_sapling":5,"minecraft:sugar_cane":3,"minecraft:coal":46,"minecraft:cobblestone":22},"minecraft:mined":{"biomesoplenty:toadstool":4,"minecraft:oak_door":1,"minecraft:iron_ore":2,"minecraft:crafting_table":2,"gravestone:gravestone":1,"minecraft:grass_block":1,"minecraft:coal_ore":51,"minecraft:pointed_dripstone":1,"minecraft:oak_log":6,"minecraft:dripstone_block":3,"minecraft:dirt":3,"minecraft:lapis_ore":1,"minecraft:stone":21,"minecraft:sugar_cane":1,"minecraft:fern":1},"minecraft:crafted":{"minecraft:oak_door":3,"minecraft:oak_planks":44,"minecraft:crafting_table":2,"minecraft:stick":12,"minecraft:wooden_pickaxe":1,"minecraft:stone_pickaxe":2,"minecraft:stone_sword":1,"minecraft:torch":16},"minecraft:killed_by":{"minecraft:zombie_villager":1,"minecraft:player":1,"minecraft:skeleton":1},"minecraft:used":{"minecraft:stone_sword":4,"minecraft:stone_pickaxe":76,"minecraft:wooden_pickaxe":10,"minecraft:oak_door":3,"minecraft:dirt":2,"minecraft:cobblestone":2,"minecraft:crafting_table":3,"minecraft:dripstone_block":1},"minecraft:custom":{"minecraft:time_since_rest":6126,"minecraft:sprint_one_cm":45930,"minecraft:damage_taken":770,"minecraft:walk_one_cm":41996,"minecraft:mob_kills":1,"minecraft:drop":2,"minecraft:damage_dealt":188,"minecraft:interact_with_crafting_table":6,"minecraft:swim_one_cm":52183,"minecraft:fly_one_cm":49196,"minecraft:crouch_one_cm":1625,"minecraft:play_time":29227,"minecraft:deaths":3,"minecraft:sneak_time":935,"minecraft:walk_under_water_one_cm":21521,"minecraft:jump":403,"minecraft:walk_on_water_one_cm":15711,"minecraft:time_since_death":6090,"minecraft:total_world_time":29227,"minecraft:fall_one_cm":11829},"minecraft:dropped":{"gravestone:obituary":2}},"DataVersion":2975}